#FORMAT=WebAnno TSV 3.3
#T_SP=webanno.custom.OCRCorrection|CorrectedString|Deletion


#Text=====PAGEBEGIN 67====\r
#Text=\r
#Text=VIL.
1-1	0-1	=	_	_	
1-2	1-2	=	_	_	
1-3	2-3	=	_	_	
1-4	3-4	=	_	_	
1-5	4-13	PAGEBEGIN	_	_	
1-6	14-16	67	_	_	
1-7	16-17	=	_	_	
1-8	17-18	=	_	_	
1-9	18-19	=	_	_	
1-10	19-20	=	_	_	
1-11	24-27	VIL	_	_	
1-12	27-28	.	_	_	

#Text=Wissenschaftliche Anstalten der Universität.\r
#Text=1.
2-1	29-46	Wissenschaftliche	_	_	
2-2	47-56	Anstalten	_	_	
2-3	57-60	der	_	_	
2-4	61-72	Universität	_	_	
2-5	72-73	.	_	_	
2-6	75-76	1	_	_	
2-7	76-77	.	_	_	

#Text=Museum für Naturkunde.
3-1	78-84	Museum	_	_	
3-2	85-88	für	_	_	
3-3	89-99	Naturkunde	_	_	
3-4	99-100	.	_	_	

#Text=Durch Ministerial-Erlass vom 7.
4-1	102-107	Durch	_	_	
4-2	108-126	Ministerial-Erlass	_	_	
4-3	127-130	vom	_	_	
4-4	131-132	7	_	_	
4-5	132-133	.	_	_	

#Text=Mai 1887 hat das fir die\r
#Text=Aufnahme der geologisch-paläontologischen, der mineralogisch­petrographischen und der zoologischen Sammlung der Universität\r
#Text=bestimmte Museum die Bezeichnung „Museum für Natur­kunde“ erhalten.
5-1	134-137	Mai	_	_	
5-2	138-142	1887	_	_	
5-3	143-146	hat	_	_	
5-4	147-150	das	_	_	
5-5	151-154	fir	für	false	
5-6	155-158	die	_	_	
5-7	160-168	Aufnahme	_	_	
5-8	169-172	der	_	_	
5-9	173-201	geologisch-paläontologischen	_	_	
5-10	201-202	,	_	_	
5-11	203-206	der	_	_	
5-12	207-237	mineralogisch­petrographischen	_	_	
5-13	238-241	und	_	_	
5-14	242-245	der	_	_	
5-15	246-258	zoologischen	_	_	
5-16	259-267	Sammlung	_	_	
5-17	268-271	der	_	_	
5-18	272-283	Universität	_	_	
5-19	285-294	bestimmte	_	_	
5-20	295-301	Museum	_	_	
5-21	302-305	die	_	_	
5-22	306-317	Bezeichnung	_	_	
5-23	318-319	„	_	_	
5-24	319-325	Museum	_	_	
5-25	326-329	für	_	_	
5-26	330-341	Natur­kunde	_	_	
5-27	341-342	“	_	_	
5-28	343-351	erhalten	_	_	
5-29	351-352	.	_	_	

#Text=Zu Direktoren der vorgedachten drei Abtheilungen sind die\r
#Text=Professoren Geheimer Bergrath Dr.
6-1	354-356	Zu	_	_	
6-2	357-367	Direktoren	_	_	
6-3	368-371	der	_	_	
6-4	372-384	vorgedachten	_	_	
6-5	385-389	drei	_	_	
6-6	390-402	Abtheilungen	_	_	
6-7	403-407	sind	_	_	
6-8	408-411	die	_	_	
6-9	413-424	Professoren	_	_	
6-10	425-433	Geheimer	_	_	
6-11	434-442	Bergrath	_	_	
6-12	443-445	Dr	_	_	
6-13	445-446	.	_	_	

#Text=Beyrich, Dr.
7-1	447-454	Beyrich	_	_	
7-2	454-455	,	_	_	
7-3	456-458	Dr	_	_	
7-4	458-459	.	_	_	

#Text=Klein und\r
#Text=Dr.
8-1	460-465	Klein	_	_	
8-2	466-469	und	_	_	
8-3	471-473	Dr	_	_	
8-4	473-474	.	_	_	

#Text=Moebius ernannt worden.
9-1	475-482	Moebius	_	_	
9-2	483-490	ernannt	_	_	
9-3	491-497	worden	_	_	
9-4	497-498	.	_	_	

#Text=Durch Ministerial-Reskript vom 25.
10-1	500-505	Durch	_	_	
10-2	506-526	Ministerial-Reskript	_	_	
10-3	527-530	vom	_	_	
10-4	531-533	25	_	_	
10-5	533-534	.	_	_	

#Text=Mai 1887 ist die Er­nennung des Geheimen Bergraths Professors Dr.
11-1	535-538	Mai	_	_	
11-2	539-543	1887	_	_	
11-3	544-547	ist	_	_	
11-4	548-551	die	_	_	
11-5	552-562	Er­nennung	_	_	
11-6	563-566	des	_	_	
11-7	567-575	Geheimen	_	_	
11-8	576-585	Bergraths	_	_	
11-9	586-596	Professors	_	_	
11-10	597-599	Dr	_	_	
11-11	599-600	.	_	_	

#Text=Beyrich zum\r
#Text=Verwaltungsdirektor des Museums erfolgt.
12-1	601-608	Beyrich	_	_	
12-2	609-612	zum	_	_	
12-3	614-633	Verwaltungsdirektor	_	_	
12-4	634-637	des	_	_	
12-5	638-645	Museums	_	_	
12-6	646-653	erfolgt	_	_	
12-7	653-654	.	_	_	

#Text=Dem ausserordentlichen Professor Dr. von Martens ist der\r
#Text=Titel eines zweiten Direktors der zoologischen Abtheilung bei­gelegt worden.\r
#Text=2.
13-1	656-659	Dem	_	_	
13-2	660-678	ausserordentlichen	_	_	
13-3	679-688	Professor	_	_	
13-4	689-691	Dr	_	_	
13-5	691-692	.	_	_	
13-6	693-696	von	_	_	
13-7	697-704	Martens	_	_	
13-8	705-708	ist	_	_	
13-9	709-712	der	_	_	
13-10	714-719	Titel	_	_	
13-11	720-725	eines	_	_	
13-12	726-733	zweiten	_	_	
13-13	734-743	Direktors	_	_	
13-14	744-747	der	_	_	
13-15	748-760	zoologischen	_	_	
13-16	761-771	Abtheilung	_	_	
13-17	772-782	bei­gelegt	_	_	
13-18	783-789	worden	_	_	
13-19	789-790	.	_	_	
13-20	792-793	2	_	_	
13-21	793-794	.	_	_	

#Text=Seminar für Deutsches Recht.
14-1	795-802	Seminar	_	_	
14-2	803-806	für	_	_	
14-3	807-816	Deutsches	_	_	
14-4	817-822	Recht	_	_	
14-5	822-823	.	_	_	

#Text=Durch Ministerial-Erlass vom 12.
15-1	825-830	Durch	_	_	
15-2	831-849	Ministerial-Erlass	_	_	
15-3	850-853	vom	_	_	
15-4	854-856	12	_	_	
15-5	856-857	.	_	_	

#Text=November 1887 ist die\r
#Text=Begründung eines besonderen Seminars für Deutsches Recht an\r
#Text=der Universität genehmigt worden.
16-1	858-866	November	_	_	
16-2	867-871	1887	_	_	
16-3	872-875	ist	_	_	
16-4	876-879	die	_	_	
16-5	881-891	Begründung	_	_	
16-6	892-897	eines	_	_	
16-7	898-908	besonderen	_	_	
16-8	909-917	Seminars	_	_	
16-9	918-921	für	_	_	
16-10	922-931	Deutsches	_	_	
16-11	932-937	Recht	_	_	
16-12	938-940	an	_	_	
16-13	942-945	der	_	_	
16-14	946-957	Universität	_	_	
16-15	958-967	genehmigt	_	_	
16-16	968-974	worden	_	_	
16-17	974-975	.	_	_	

#Text=Zum geschäftsführenden Direktor desselben ist der Geheime\r
#Text=Justizrath Professor Dr.
17-1	977-980	Zum	_	_	
17-2	981-999	geschäftsführenden	_	_	
17-3	1000-1008	Direktor	_	_	
17-4	1009-1018	desselben	_	_	
17-5	1019-1022	ist	_	_	
17-6	1023-1026	der	_	_	
17-7	1027-1034	Geheime	_	_	
17-8	1036-1046	Justizrath	_	_	
17-9	1047-1056	Professor	_	_	
17-10	1057-1059	Dr	_	_	
17-11	1059-1060	.	_	_	

#Text=Beseler und zu Mitdirektoren sind die\r
#Text=Geheimen Justizräthe Professoren Dr.
18-1	1061-1068	Beseler	_	_	
18-2	1069-1072	und	_	_	
18-3	1073-1075	zu	_	_	
18-4	1076-1089	Mitdirektoren	_	_	
18-5	1090-1094	sind	_	_	
18-6	1095-1098	die	_	_	
18-7	1100-1108	Geheimen	_	_	
18-8	1109-1120	Justizräthe	_	_	
18-9	1121-1132	Professoren	_	_	
18-10	1133-1135	Dr	_	_	
18-11	1135-1136	.	_	_	

#Text=Brunner und Dr.
19-1	1137-1144	Brunner	_	_	
19-2	1145-1148	und	_	_	
19-3	1149-1151	Dr	_	_	
19-4	1151-1152	.	_	_	

#Text=Gierke\r
#Text=ernannt worden.
20-1	1153-1159	Gierke	_	_	
20-2	1161-1168	ernannt	_	_	
20-3	1169-1175	worden	_	_	
20-4	1175-1176	.	_	_	

#Text=Mit Wahrnehmung der Funktionen eines Bi­bliothekars und Assistenten ist bis auf Weiteres der Privatdocent\r
#Text=Dr.
21-1	1177-1180	Mit	_	_	
21-2	1181-1192	Wahrnehmung	_	_	
21-3	1193-1196	der	_	_	
21-4	1197-1207	Funktionen	_	_	
21-5	1208-1213	eines	_	_	
21-6	1214-1228	Bi­bliothekars	_	_	
21-7	1229-1232	und	_	_	
21-8	1233-1244	Assistenten	_	_	
21-9	1245-1248	ist	_	_	
21-10	1249-1252	bis	_	_	
21-11	1253-1256	auf	_	_	
21-12	1257-1265	Weiteres	_	_	
21-13	1266-1269	der	_	_	
21-14	1270-1282	Privatdocent	_	_	
21-15	1284-1286	Dr	_	_	
21-16	1286-1287	.	_	_	

#Text=Zeumer beauftragt worden.\r
#Text=3.
22-1	1288-1294	Zeumer	_	_	
22-2	1295-1305	beauftragt	_	_	
22-3	1306-1312	worden	_	_	
22-4	1312-1313	.	_	_	
22-5	1315-1316	3	_	_	
22-6	1316-1317	.	_	_	

#Text=Geographisches Institut.
23-1	1318-1332	Geographisches	_	_	
23-2	1333-1341	Institut	_	_	
23-3	1341-1342	.	_	_	

#Text=Durch Ministerial-Erlass vom 4.
24-1	1344-1349	Durch	_	_	
24-2	1350-1368	Ministerial-Erlass	_	_	
24-3	1369-1372	vom	_	_	
24-4	1373-1374	4	_	_	
24-5	1374-1375	.	_	_	

#Text=April 1887 ist ein geogra­phisches Institut an der Universität begründet worden.
25-1	1376-1381	April	_	_	
25-2	1382-1386	1887	_	_	
25-3	1387-1390	ist	_	_	
25-4	1391-1394	ein	_	_	
25-5	1395-1410	geogra­phisches	_	_	
25-6	1411-1419	Institut	_	_	
25-7	1420-1422	an	_	_	
25-8	1423-1426	der	_	_	
25-9	1427-1438	Universität	_	_	
25-10	1439-1448	begründet	_	_	
25-11	1449-1455	worden	_	_	
25-12	1455-1456	.	_	_	

#Text=Mit der\r
#Text=Direktion desselben ist der Professor Dr.
26-1	1457-1460	Mit	_	_	
26-2	1461-1464	der	_	_	
26-3	1466-1475	Direktion	_	_	
26-4	1476-1485	desselben	_	_	
26-5	1486-1489	ist	_	_	
26-6	1490-1493	der	_	_	
26-7	1494-1503	Professor	_	_	
26-8	1504-1506	Dr	_	_	
26-9	1506-1507	.	_	_	

#Text=Freiherr von Richt­hofen beauftragt.\r
#Text=4.
27-1	1508-1516	Freiherr	_	_	
27-2	1517-1520	von	_	_	
27-3	1521-1532	Richt­hofen	_	_	
27-4	1533-1543	beauftragt	_	_	
27-5	1543-1544	.	_	_	
27-6	1546-1547	4	_	_	
27-7	1547-1548	.	_	_	

#Text=Anatomisches Theater.
28-1	1549-1561	Anatomisches	_	_	
28-2	1562-1569	Theater	_	_	
28-3	1569-1570	.	_	_	

#Text=Das anatomische Theater ist aus dem Gebäude der alten\r
#Text=Börse am Lustgarten entfernt und in dem Anatomie-Gebäude,\r
#Text=62\r
#Text=;
29-1	1572-1575	Das	_	_	
29-2	1576-1587	anatomische	_	_	
29-3	1588-1595	Theater	_	_	
29-4	1596-1599	ist	_	_	
29-5	1600-1603	aus	_	_	
29-6	1604-1607	dem	_	_	
29-7	1608-1615	Gebäude	_	_	
29-8	1616-1619	der	_	_	
29-9	1620-1625	alten	_	_	
29-10	1627-1632	Börse	_	_	
29-11	1633-1635	am	_	_	
29-12	1636-1646	Lustgarten	_	_	
29-13	1647-1655	entfernt	_	_	
29-14	1656-1659	und	_	_	
29-15	1660-1662	in	_	_	
29-16	1663-1666	dem	_	_	
29-17	1667-1683	Anatomie-Gebäude	_	_	
29-18	1683-1684	,	_	_	
29-19	1686-1688	62	_	_	
29-20	1690-1691	;	_	_	
