{
  "name" : "naturkundemuseum-annotation",
  "slug" : null,
  "description" : "Semantische Annotation der Jahresberichte der Institute/Sammlungen des Naturkundemuseums in der Chronik der Friedrich-Wilhelms-Universität mit INCEpTION.\r\n\r\n## Annotation-Layers\r\n\r\n1. **OCR Correction**: OCR-Fehler-Korrektur in einem Kommentar-Feld\r\n2. **Semantic Entities**: Semantische Entitäten\r\n3. **SemanticRelations**: Verbindungen zwischen semantischen Entitäten",
  "mode" : "ANNOTATION",
  "version" : 1,
  "source_documents" : [ {
    "name" : "1887_Museum_67-67.txt",
    "format" : "text",
    "state" : "ANNOTATION_IN_PROGRESS",
    "timestamp" : null,
    "created" : 1639574575274,
    "updated" : 1639578651555
  }, {
    "name" : "1888_Museum_54-54.txt",
    "format" : "text",
    "state" : "NEW",
    "timestamp" : null,
    "created" : 1639574576680,
    "updated" : 1639574576680
  }, {
    "name" : "1889_Geologisch-paläontologische_137-138.txt",
    "format" : "text",
    "state" : "NEW",
    "timestamp" : null,
    "created" : 1639574577071,
    "updated" : 1639574577071
  }, {
    "name" : "1889_Mineralogisch-petrographische_138-140.txt",
    "format" : "text",
    "state" : "NEW",
    "timestamp" : null,
    "created" : 1639574577141,
    "updated" : 1639574577141
  }, {
    "name" : "1889_Museum_134-136.txt",
    "format" : "text",
    "state" : "NEW",
    "timestamp" : null,
    "created" : 1639574577218,
    "updated" : 1639574577218
  }, {
    "name" : "1889_Zoologische_140-144.txt",
    "format" : "text",
    "state" : "NEW",
    "timestamp" : null,
    "created" : 1639574577273,
    "updated" : 1639574577273
  }, {
    "name" : "1890_Geologisch-paläontologische_121-122.txt",
    "format" : "text",
    "state" : "NEW",
    "timestamp" : null,
    "created" : 1639574577357,
    "updated" : 1639574577357
  }, {
    "name" : "1890_Mineralogisch-petrographische_122-125.txt",
    "format" : "text",
    "state" : "NEW",
    "timestamp" : null,
    "created" : 1639574577469,
    "updated" : 1639574577469
  }, {
    "name" : "1890_Museum_120-120.txt",
    "format" : "text",
    "state" : "NEW",
    "timestamp" : null,
    "created" : 1639574577664,
    "updated" : 1639574577664
  }, {
    "name" : "1890_Zoologische_117-131.txt",
    "format" : "text",
    "state" : "NEW",
    "timestamp" : null,
    "created" : 1639574577723,
    "updated" : 1639574577723
  }, {
    "name" : "1891_Geologisch-paläontologische_138-140.txt",
    "format" : "text",
    "state" : "NEW",
    "timestamp" : null,
    "created" : 1639574577806,
    "updated" : 1639574577806
  }, {
    "name" : "1891_Mineralogisch-petrographische_140-143.txt",
    "format" : "text",
    "state" : "NEW",
    "timestamp" : null,
    "created" : 1639574577856,
    "updated" : 1639574577856
  }, {
    "name" : "1891_Museum_137-138.txt",
    "format" : "text",
    "state" : "NEW",
    "timestamp" : null,
    "created" : 1639574577902,
    "updated" : 1639574577902
  }, {
    "name" : "1891_Zoologische_135-151.txt",
    "format" : "text",
    "state" : "NEW",
    "timestamp" : null,
    "created" : 1639574577958,
    "updated" : 1639574577958
  }, {
    "name" : "1892_Geologisch-paläontologische_125-127.txt",
    "format" : "text",
    "state" : "NEW",
    "timestamp" : null,
    "created" : 1639574578026,
    "updated" : 1639574578026
  }, {
    "name" : "1892_Mineralogisch-petrographische_127-130.txt",
    "format" : "text",
    "state" : "NEW",
    "timestamp" : null,
    "created" : 1639574578099,
    "updated" : 1639574578099
  }, {
    "name" : "1892_Museum_124-125.txt",
    "format" : "text",
    "state" : "NEW",
    "timestamp" : null,
    "created" : 1639574578172,
    "updated" : 1639574578172
  }, {
    "name" : "1892_Zoologische_121-141.txt",
    "format" : "text",
    "state" : "NEW",
    "timestamp" : null,
    "created" : 1639574578228,
    "updated" : 1639574578228
  }, {
    "name" : "1893_Geologisch-paläontologische_127-129.txt",
    "format" : "text",
    "state" : "NEW",
    "timestamp" : null,
    "created" : 1639574578343,
    "updated" : 1639574578343
  }, {
    "name" : "1893_Mineralogisch-petrographische_129-131.txt",
    "format" : "text",
    "state" : "NEW",
    "timestamp" : null,
    "created" : 1639574578441,
    "updated" : 1639574578441
  }, {
    "name" : "1893_Museum_127-127.txt",
    "format" : "text",
    "state" : "NEW",
    "timestamp" : null,
    "created" : 1639574578595,
    "updated" : 1639574578595
  }, {
    "name" : "1893_Zoologische_123-143.txt",
    "format" : "text",
    "state" : "NEW",
    "timestamp" : null,
    "created" : 1639574578683,
    "updated" : 1639574578683
  }, {
    "name" : "1894_Geologisch-paläontologische_120-121.txt",
    "format" : "text",
    "state" : "NEW",
    "timestamp" : null,
    "created" : 1639574578852,
    "updated" : 1639574578852
  }, {
    "name" : "1894_Mineralogisch-petrographische_121-124.txt",
    "format" : "text",
    "state" : "NEW",
    "timestamp" : null,
    "created" : 1639574578959,
    "updated" : 1639574578959
  }, {
    "name" : "1894_Museum_119-120.txt",
    "format" : "text",
    "state" : "NEW",
    "timestamp" : null,
    "created" : 1639574579055,
    "updated" : 1639574579055
  }, {
    "name" : "1894_Zoologische_117-139.txt",
    "format" : "text",
    "state" : "NEW",
    "timestamp" : null,
    "created" : 1639574579150,
    "updated" : 1639574579150
  }, {
    "name" : "1895_Geologisch-paläontologische_124-126.txt",
    "format" : "text",
    "state" : "NEW",
    "timestamp" : null,
    "created" : 1639574579240,
    "updated" : 1639574579240
  }, {
    "name" : "1895_Mineralogisch-petrographische_126-128.txt",
    "format" : "text",
    "state" : "NEW",
    "timestamp" : null,
    "created" : 1639574579272,
    "updated" : 1639574579272
  }, {
    "name" : "1895_Museum_123-124.txt",
    "format" : "text",
    "state" : "NEW",
    "timestamp" : null,
    "created" : 1639574579302,
    "updated" : 1639574579302
  }, {
    "name" : "1895_Zoologische_121-146.txt",
    "format" : "text",
    "state" : "NEW",
    "timestamp" : null,
    "created" : 1639574579338,
    "updated" : 1639574579338
  }, {
    "name" : "1896_Geologisch-paläontologische_127-129.txt",
    "format" : "text",
    "state" : "NEW",
    "timestamp" : null,
    "created" : 1639574579444,
    "updated" : 1639574579444
  }, {
    "name" : "1896_Mineralogisch-petrographische_129-131.txt",
    "format" : "text",
    "state" : "NEW",
    "timestamp" : null,
    "created" : 1639574579593,
    "updated" : 1639574579593
  }, {
    "name" : "1896_Museum_126-127.txt",
    "format" : "text",
    "state" : "NEW",
    "timestamp" : null,
    "created" : 1639574579750,
    "updated" : 1639574579750
  }, {
    "name" : "1896_Zoologische_122-157.txt",
    "format" : "text",
    "state" : "NEW",
    "timestamp" : null,
    "created" : 1639574579811,
    "updated" : 1639574579811
  }, {
    "name" : "1897_Geologisch-paläontologische_162-164.txt",
    "format" : "text",
    "state" : "NEW",
    "timestamp" : null,
    "created" : 1639574580065,
    "updated" : 1639574580065
  }, {
    "name" : "1897_Mineralogisch-petrographische_164-167.txt",
    "format" : "text",
    "state" : "NEW",
    "timestamp" : null,
    "created" : 1639574580144,
    "updated" : 1639574580144
  }, {
    "name" : "1897_Museum_136-137.txt",
    "format" : "text",
    "state" : "NEW",
    "timestamp" : null,
    "created" : 1639574580192,
    "updated" : 1639574580192
  }, {
    "name" : "1897_Zoologische_133-162.txt",
    "format" : "text",
    "state" : "NEW",
    "timestamp" : null,
    "created" : 1639574580298,
    "updated" : 1639574580298
  }, {
    "name" : "1898_Geologisch-paläontologische_149-152.txt",
    "format" : "text",
    "state" : "NEW",
    "timestamp" : null,
    "created" : 1639574580427,
    "updated" : 1639574580427
  }, {
    "name" : "1898_Mineralogisch-petrographische_147-149.txt",
    "format" : "text",
    "state" : "NEW",
    "timestamp" : null,
    "created" : 1639574580493,
    "updated" : 1639574580493
  }, {
    "name" : "1898_Museum_124-125.txt",
    "format" : "text",
    "state" : "NEW",
    "timestamp" : null,
    "created" : 1639574580594,
    "updated" : 1639574580594
  }, {
    "name" : "1898_Zoologische_120-146.txt",
    "format" : "text",
    "state" : "NEW",
    "timestamp" : null,
    "created" : 1639574580682,
    "updated" : 1639574580682
  }, {
    "name" : "1899_Geologisch-paläontologische_149-153.txt",
    "format" : "text",
    "state" : "NEW",
    "timestamp" : null,
    "created" : 1639574580818,
    "updated" : 1639574580818
  }, {
    "name" : "1899_Mineralogisch-petrographische_146-149.txt",
    "format" : "text",
    "state" : "NEW",
    "timestamp" : null,
    "created" : 1639574580974,
    "updated" : 1639574580974
  }, {
    "name" : "1899_Museum_125-125.txt",
    "format" : "text",
    "state" : "NEW",
    "timestamp" : null,
    "created" : 1639574581119,
    "updated" : 1639574581119
  }, {
    "name" : "1899_Zoologische_121-146.txt",
    "format" : "text",
    "state" : "NEW",
    "timestamp" : null,
    "created" : 1639574581163,
    "updated" : 1639574581163
  }, {
    "name" : "1900_Geologisch-paläontologische_143-147.txt",
    "format" : "text",
    "state" : "NEW",
    "timestamp" : null,
    "created" : 1639574581253,
    "updated" : 1639574581253
  }, {
    "name" : "1900_Mineralogisch-petrographische_140-143.txt",
    "format" : "text",
    "state" : "NEW",
    "timestamp" : null,
    "created" : 1639574581291,
    "updated" : 1639574581291
  }, {
    "name" : "1900_Museum_167-168.txt",
    "format" : "text",
    "state" : "NEW",
    "timestamp" : null,
    "created" : 1639574581359,
    "updated" : 1639574581359
  }, {
    "name" : "1900_Zoologische_137-167.txt",
    "format" : "text",
    "state" : "NEW",
    "timestamp" : null,
    "created" : 1639574581555,
    "updated" : 1639574581555
  }, {
    "name" : "1901_Geologisch-paläontologische_150-157.txt",
    "format" : "text",
    "state" : "NEW",
    "timestamp" : null,
    "created" : 1639574581697,
    "updated" : 1639574581697
  }, {
    "name" : "1901_Mineralogisch-petrographische_146-150.txt",
    "format" : "text",
    "state" : "NEW",
    "timestamp" : null,
    "created" : 1639574581762,
    "updated" : 1639574581762
  }, {
    "name" : "1901_Museum_182-182.txt",
    "format" : "text",
    "state" : "NEW",
    "timestamp" : null,
    "created" : 1639574581838,
    "updated" : 1639574581838
  }, {
    "name" : "1901_Zoologische_143-181.txt",
    "format" : "text",
    "state" : "NEW",
    "timestamp" : null,
    "created" : 1639574581902,
    "updated" : 1639574581902
  }, {
    "name" : "1902_Geologisch-paläontologische_165-173.txt",
    "format" : "text",
    "state" : "NEW",
    "timestamp" : null,
    "created" : 1639574582005,
    "updated" : 1639574582005
  }, {
    "name" : "1902_Mineralogisch-petrographische_161-165.txt",
    "format" : "text",
    "state" : "NEW",
    "timestamp" : null,
    "created" : 1639574582054,
    "updated" : 1639574582054
  }, {
    "name" : "1902_Museum_200-200.txt",
    "format" : "text",
    "state" : "NEW",
    "timestamp" : null,
    "created" : 1639574582082,
    "updated" : 1639574582082
  }, {
    "name" : "1902_Zoologische_159-200.txt",
    "format" : "text",
    "state" : "NEW",
    "timestamp" : null,
    "created" : 1639574582108,
    "updated" : 1639574582108
  }, {
    "name" : "1903_Geologisch-paläontologische_171-177.txt",
    "format" : "text",
    "state" : "NEW",
    "timestamp" : null,
    "created" : 1639574582242,
    "updated" : 1639574582242
  }, {
    "name" : "1903_Mineralogisch-petrographische_168-171.txt",
    "format" : "text",
    "state" : "NEW",
    "timestamp" : null,
    "created" : 1639574582291,
    "updated" : 1639574582291
  }, {
    "name" : "1903_Museum_204-205.txt",
    "format" : "text",
    "state" : "NEW",
    "timestamp" : null,
    "created" : 1639574582326,
    "updated" : 1639574582326
  }, {
    "name" : "1903_Zoologische_165-204.txt",
    "format" : "text",
    "state" : "NEW",
    "timestamp" : null,
    "created" : 1639574582468,
    "updated" : 1639574582468
  }, {
    "name" : "1904_Geologisch-paläontologische_172-177.txt",
    "format" : "text",
    "state" : "NEW",
    "timestamp" : null,
    "created" : 1639574582612,
    "updated" : 1639574582612
  }, {
    "name" : "1904_Mineralogisch-petrographische_168-171.txt",
    "format" : "text",
    "state" : "NEW",
    "timestamp" : null,
    "created" : 1639574582689,
    "updated" : 1639574582689
  }, {
    "name" : "1904_Museum_201-201.txt",
    "format" : "text",
    "state" : "NEW",
    "timestamp" : null,
    "created" : 1639574582745,
    "updated" : 1639574582745
  }, {
    "name" : "1904_Zoologische_165-201.txt",
    "format" : "text",
    "state" : "NEW",
    "timestamp" : null,
    "created" : 1639574582830,
    "updated" : 1639574582830
  }, {
    "name" : "1905_Geologisch-paläontologische_182-187.txt",
    "format" : "text",
    "state" : "NEW",
    "timestamp" : null,
    "created" : 1639574582987,
    "updated" : 1639574582987
  }, {
    "name" : "1905_Mineralogisch-petrographische_179-182.txt",
    "format" : "text",
    "state" : "NEW",
    "timestamp" : null,
    "created" : 1639574583101,
    "updated" : 1639574583101
  }, {
    "name" : "1905_Museum_212-213.txt",
    "format" : "text",
    "state" : "NEW",
    "timestamp" : null,
    "created" : 1639574583173,
    "updated" : 1639574583173
  }, {
    "name" : "1905_Zoologische_176-212.txt",
    "format" : "text",
    "state" : "NEW",
    "timestamp" : null,
    "created" : 1639574583245,
    "updated" : 1639574583245
  }, {
    "name" : "1906_Geologisch-paläontologische_178-183.txt",
    "format" : "text",
    "state" : "NEW",
    "timestamp" : null,
    "created" : 1639574583346,
    "updated" : 1639574583346
  }, {
    "name" : "1906_Mineralogisch-petrographische_176-177.txt",
    "format" : "text",
    "state" : "NEW",
    "timestamp" : null,
    "created" : 1639574583433,
    "updated" : 1639574583433
  }, {
    "name" : "1906_Museum_215-216.txt",
    "format" : "text",
    "state" : "NEW",
    "timestamp" : null,
    "created" : 1639574583514,
    "updated" : 1639574583514
  }, {
    "name" : "1906_Zoologische_172-215.txt",
    "format" : "text",
    "state" : "NEW",
    "timestamp" : null,
    "created" : 1639574583627,
    "updated" : 1639574583627
  }, {
    "name" : "1907_Geologisch-paläontologische_176-180.txt",
    "format" : "text",
    "state" : "NEW",
    "timestamp" : null,
    "created" : 1639574583825,
    "updated" : 1639574583825
  }, {
    "name" : "1907_Mineralogisch-petrographische_171-175.txt",
    "format" : "text",
    "state" : "NEW",
    "timestamp" : null,
    "created" : 1639574583962,
    "updated" : 1639574583962
  }, {
    "name" : "1907_Museum_218-218.txt",
    "format" : "text",
    "state" : "NEW",
    "timestamp" : null,
    "created" : 1639574583998,
    "updated" : 1639574583998
  }, {
    "name" : "1907_Zoologische_168-217.txt",
    "format" : "text",
    "state" : "NEW",
    "timestamp" : null,
    "created" : 1639574584090,
    "updated" : 1639574584090
  }, {
    "name" : "1908_Geologisch-paläontologische_190-194.txt",
    "format" : "text",
    "state" : "NEW",
    "timestamp" : null,
    "created" : 1639574584274,
    "updated" : 1639574584274
  }, {
    "name" : "1908_Mineralogisch-petrographische_184-190.txt",
    "format" : "text",
    "state" : "NEW",
    "timestamp" : null,
    "created" : 1639574584351,
    "updated" : 1639574584351
  }, {
    "name" : "1908_Museum_226-227.txt",
    "format" : "text",
    "state" : "NEW",
    "timestamp" : null,
    "created" : 1639574584577,
    "updated" : 1639574584577
  }, {
    "name" : "1908_Zoologische_181-226.txt",
    "format" : "text",
    "state" : "NEW",
    "timestamp" : null,
    "created" : 1639574584711,
    "updated" : 1639574584711
  }, {
    "name" : "1909_Geologisch-paläontologische_188-193.txt",
    "format" : "text",
    "state" : "NEW",
    "timestamp" : null,
    "created" : 1639574584989,
    "updated" : 1639574584989
  }, {
    "name" : "1909_Mineralogisch-petrographische_184-188.txt",
    "format" : "text",
    "state" : "NEW",
    "timestamp" : null,
    "created" : 1639574585278,
    "updated" : 1639574585278
  }, {
    "name" : "1909_Museum_232-233.txt",
    "format" : "text",
    "state" : "NEW",
    "timestamp" : null,
    "created" : 1639574585310,
    "updated" : 1639574585310
  }, {
    "name" : "1909_Zoologische_181-232.txt",
    "format" : "text",
    "state" : "NEW",
    "timestamp" : null,
    "created" : 1639574585338,
    "updated" : 1639574585338
  }, {
    "name" : "1910_Geologisch-paläontologische_215-222.txt",
    "format" : "text",
    "state" : "NEW",
    "timestamp" : null,
    "created" : 1639574585748,
    "updated" : 1639574585748
  }, {
    "name" : "1910_Mineralogisch-petrographische_211-215.txt",
    "format" : "text",
    "state" : "NEW",
    "timestamp" : null,
    "created" : 1639574585858,
    "updated" : 1639574585858
  }, {
    "name" : "1910_Museum_262-263.txt",
    "format" : "text",
    "state" : "NEW",
    "timestamp" : null,
    "created" : 1639574585883,
    "updated" : 1639574585883
  }, {
    "name" : "1910_Zoologische_207-262.txt",
    "format" : "text",
    "state" : "NEW",
    "timestamp" : null,
    "created" : 1639574585921,
    "updated" : 1639574585921
  }, {
    "name" : "1911_Geologisch-paläontologische_208-214.txt",
    "format" : "text",
    "state" : "NEW",
    "timestamp" : null,
    "created" : 1639574586187,
    "updated" : 1639574586187
  }, {
    "name" : "1911_Mineralogisch-petrographische_203-208.txt",
    "format" : "text",
    "state" : "NEW",
    "timestamp" : null,
    "created" : 1639574586328,
    "updated" : 1639574586328
  }, {
    "name" : "1911_Museum_256-256.txt",
    "format" : "text",
    "state" : "NEW",
    "timestamp" : null,
    "created" : 1639574586369,
    "updated" : 1639574586369
  }, {
    "name" : "1911_Zoologische_199-255.txt",
    "format" : "text",
    "state" : "NEW",
    "timestamp" : null,
    "created" : 1639574586464,
    "updated" : 1639574586464
  }, {
    "name" : "1912_Geologisch-paläontologische_220-226.txt",
    "format" : "text",
    "state" : "NEW",
    "timestamp" : null,
    "created" : 1639574586983,
    "updated" : 1639574586983
  }, {
    "name" : "1912_Mineralogisch-petrographische_216-220.txt",
    "format" : "text",
    "state" : "NEW",
    "timestamp" : null,
    "created" : 1639574587105,
    "updated" : 1639574587105
  }, {
    "name" : "1912_Museum_266-267.txt",
    "format" : "text",
    "state" : "NEW",
    "timestamp" : null,
    "created" : 1639574587143,
    "updated" : 1639574587143
  }, {
    "name" : "1912_Zoologische_212-266.txt",
    "format" : "text",
    "state" : "NEW",
    "timestamp" : null,
    "created" : 1639574587292,
    "updated" : 1639574587292
  }, {
    "name" : "1913_Geologisch-paläontologische_133-134.txt",
    "format" : "text",
    "state" : "NEW",
    "timestamp" : null,
    "created" : 1639574587548,
    "updated" : 1639574587548
  }, {
    "name" : "1913_Mineralogisch-petrographische_132-132.txt",
    "format" : "text",
    "state" : "NEW",
    "timestamp" : null,
    "created" : 1639574587594,
    "updated" : 1639574587594
  }, {
    "name" : "1913_Museum_136-136.txt",
    "format" : "text",
    "state" : "NEW",
    "timestamp" : null,
    "created" : 1639574587707,
    "updated" : 1639574587707
  }, {
    "name" : "1913_Zoologische_130-136.txt",
    "format" : "text",
    "state" : "NEW",
    "timestamp" : null,
    "created" : 1639574587731,
    "updated" : 1639574587731
  }, {
    "name" : "1914_Geologisch-paläontologische_127-128.txt",
    "format" : "text",
    "state" : "NEW",
    "timestamp" : null,
    "created" : 1639574587760,
    "updated" : 1639574587760
  }, {
    "name" : "1914_Mineralogisch-petrographische_126-127.txt",
    "format" : "text",
    "state" : "NEW",
    "timestamp" : null,
    "created" : 1639574587802,
    "updated" : 1639574587802
  }, {
    "name" : "1914_Museum_130-131.txt",
    "format" : "text",
    "state" : "NEW",
    "timestamp" : null,
    "created" : 1639574587828,
    "updated" : 1639574587828
  }, {
    "name" : "1914_Zoologische_125-130.txt",
    "format" : "text",
    "state" : "NEW",
    "timestamp" : null,
    "created" : 1639574587928,
    "updated" : 1639574587928
  }, {
    "name" : "1915_Geologisch-paläontologische_111-112.txt",
    "format" : "text",
    "state" : "NEW",
    "timestamp" : null,
    "created" : 1639574588147,
    "updated" : 1639574588147
  }, {
    "name" : "1915_Mineralogisch-petrographische_110-111.txt",
    "format" : "text",
    "state" : "NEW",
    "timestamp" : null,
    "created" : 1639574588282,
    "updated" : 1639574588282
  }, {
    "name" : "1915_Museum_114-114.txt",
    "format" : "text",
    "state" : "NEW",
    "timestamp" : null,
    "created" : 1639574588349,
    "updated" : 1639574588349
  }, {
    "name" : "1915_Zoologische_109-114.txt",
    "format" : "text",
    "state" : "NEW",
    "timestamp" : null,
    "created" : 1639574588682,
    "updated" : 1639574588682
  }, {
    "name" : "1928_Geologisch-paläontologische_105-106.txt",
    "format" : "text",
    "state" : "NEW",
    "timestamp" : null,
    "created" : 1639574589215,
    "updated" : 1639574589215
  }, {
    "name" : "1928_Mineralogisch-petrographische_104-105.txt",
    "format" : "text",
    "state" : "NEW",
    "timestamp" : null,
    "created" : 1639574589556,
    "updated" : 1639574589556
  }, {
    "name" : "1928_Zoologische_106-108.txt",
    "format" : "text",
    "state" : "NEW",
    "timestamp" : null,
    "created" : 1639574589692,
    "updated" : 1639574589692
  }, {
    "name" : "1929_Geologisch-paläontologische_101-102.txt",
    "format" : "text",
    "state" : "NEW",
    "timestamp" : null,
    "created" : 1639574589752,
    "updated" : 1639574589752
  }, {
    "name" : "1929_Mineralogisch-petrographische_100-101.txt",
    "format" : "text",
    "state" : "NEW",
    "timestamp" : null,
    "created" : 1639574589784,
    "updated" : 1639574589784
  }, {
    "name" : "1929_Zoologische_102-104.txt",
    "format" : "text",
    "state" : "NEW",
    "timestamp" : null,
    "created" : 1639574590584,
    "updated" : 1639574590584
  }, {
    "name" : "1930_Geologisch-paläontologische_117-118.txt",
    "format" : "text",
    "state" : "NEW",
    "timestamp" : null,
    "created" : 1639574590705,
    "updated" : 1639574590705
  }, {
    "name" : "1930_Mineralogisch-petrographische_116-117.txt",
    "format" : "text",
    "state" : "NEW",
    "timestamp" : null,
    "created" : 1639574590866,
    "updated" : 1639574590866
  }, {
    "name" : "1930_Museum_115-116.txt",
    "format" : "text",
    "state" : "NEW",
    "timestamp" : null,
    "created" : 1639574590959,
    "updated" : 1639574590959
  }, {
    "name" : "1930_Zoologische_118-120.txt",
    "format" : "text",
    "state" : "NEW",
    "timestamp" : null,
    "created" : 1639574591159,
    "updated" : 1639574591159
  }, {
    "name" : "1931_Geologisch-paläontologische_119-120.txt",
    "format" : "text",
    "state" : "NEW",
    "timestamp" : null,
    "created" : 1639574591437,
    "updated" : 1639574591437
  }, {
    "name" : "1931_Mineralogisch-petrographische_118-119.txt",
    "format" : "text",
    "state" : "NEW",
    "timestamp" : null,
    "created" : 1639574591638,
    "updated" : 1639574591638
  }, {
    "name" : "1931_Museum_117-117.txt",
    "format" : "text",
    "state" : "NEW",
    "timestamp" : null,
    "created" : 1639574591890,
    "updated" : 1639574591890
  }, {
    "name" : "1931_Zoologische_120-122.txt",
    "format" : "text",
    "state" : "NEW",
    "timestamp" : null,
    "created" : 1639574592045,
    "updated" : 1639574592045
  }, {
    "name" : "1932_Geologisch-paläontologische_121-122.txt",
    "format" : "text",
    "state" : "NEW",
    "timestamp" : null,
    "created" : 1639574592074,
    "updated" : 1639574592074
  }, {
    "name" : "1932_Mineralogisch-petrographische_120-121.txt",
    "format" : "text",
    "state" : "NEW",
    "timestamp" : null,
    "created" : 1639574592213,
    "updated" : 1639574592213
  }, {
    "name" : "1932_Museum_120-120.txt",
    "format" : "text",
    "state" : "NEW",
    "timestamp" : null,
    "created" : 1639574592249,
    "updated" : 1639574592249
  }, {
    "name" : "1932_Zoologische_123-125.txt",
    "format" : "text",
    "state" : "NEW",
    "timestamp" : null,
    "created" : 1639574592295,
    "updated" : 1639574592295
  }, {
    "name" : "1933_Geologisch-paläontologische_214-215.txt",
    "format" : "text",
    "state" : "NEW",
    "timestamp" : null,
    "created" : 1639574592435,
    "updated" : 1639574592435
  }, {
    "name" : "1933_Mineralogisch-petrographische_211-212.txt",
    "format" : "text",
    "state" : "NEW",
    "timestamp" : null,
    "created" : 1639574592505,
    "updated" : 1639574592505
  }, {
    "name" : "1933_Museum_209-210.txt",
    "format" : "text",
    "state" : "NEW",
    "timestamp" : null,
    "created" : 1639574592548,
    "updated" : 1639574592548
  }, {
    "name" : "1933_Zoologische_219-222.txt",
    "format" : "text",
    "state" : "NEW",
    "timestamp" : null,
    "created" : 1639574592580,
    "updated" : 1639574592580
  }, {
    "name" : "1934_Geologisch-paläontologische_216-217.txt",
    "format" : "text",
    "state" : "NEW",
    "timestamp" : null,
    "created" : 1639574592633,
    "updated" : 1639574592633
  }, {
    "name" : "1934_Mineralogisch-petrographische_212-213.txt",
    "format" : "text",
    "state" : "NEW",
    "timestamp" : null,
    "created" : 1639574592698,
    "updated" : 1639574592698
  }, {
    "name" : "1934_Museum_210-210.txt",
    "format" : "text",
    "state" : "NEW",
    "timestamp" : null,
    "created" : 1639574592727,
    "updated" : 1639574592727
  }, {
    "name" : "1934_Zoologische_220-223.txt",
    "format" : "text",
    "state" : "NEW",
    "timestamp" : null,
    "created" : 1639574592756,
    "updated" : 1639574592756
  }, {
    "name" : "1935_Geologisch-paläontologische_217-218.txt",
    "format" : "text",
    "state" : "NEW",
    "timestamp" : null,
    "created" : 1639574592783,
    "updated" : 1639574592783
  }, {
    "name" : "1935_Mineralogisch-petrographische_213-214.txt",
    "format" : "text",
    "state" : "NEW",
    "timestamp" : null,
    "created" : 1639574592817,
    "updated" : 1639574592817
  }, {
    "name" : "1935_Museum_210-211.txt",
    "format" : "text",
    "state" : "NEW",
    "timestamp" : null,
    "created" : 1639574592875,
    "updated" : 1639574592875
  }, {
    "name" : "1935_Zoologische_221-224.txt",
    "format" : "text",
    "state" : "NEW",
    "timestamp" : null,
    "created" : 1639574592962,
    "updated" : 1639574592962
  }, {
    "name" : "1936_Geologisch-paläontologische_112-113.txt",
    "format" : "text",
    "state" : "NEW",
    "timestamp" : null,
    "created" : 1639574593073,
    "updated" : 1639574593073
  }, {
    "name" : "1936_Mineralogisch-petrographische_111-112.txt",
    "format" : "text",
    "state" : "NEW",
    "timestamp" : null,
    "created" : 1639574593110,
    "updated" : 1639574593110
  }, {
    "name" : "1936_Museum_111-111.txt",
    "format" : "text",
    "state" : "NEW",
    "timestamp" : null,
    "created" : 1639574593148,
    "updated" : 1639574593148
  }, {
    "name" : "1936_Zoologische_113-115.txt",
    "format" : "text",
    "state" : "NEW",
    "timestamp" : null,
    "created" : 1639574593205,
    "updated" : 1639574593205
  }, {
    "name" : "1937_Geologisch-paläontologische_152-153.txt",
    "format" : "text",
    "state" : "NEW",
    "timestamp" : null,
    "created" : 1639574593265,
    "updated" : 1639574593265
  }, {
    "name" : "1937_Mineralogisch-petrographische_151-152.txt",
    "format" : "text",
    "state" : "NEW",
    "timestamp" : null,
    "created" : 1639574593295,
    "updated" : 1639574593295
  }, {
    "name" : "1937_Museum_151-151.txt",
    "format" : "text",
    "state" : "NEW",
    "timestamp" : null,
    "created" : 1639574593328,
    "updated" : 1639574593328
  }, {
    "name" : "1937_Zoologische_154-156.txt",
    "format" : "text",
    "state" : "NEW",
    "timestamp" : null,
    "created" : 1639574593406,
    "updated" : 1639574593406
  }, {
    "name" : "1938_Geologisch-paläontologische_162-163.txt",
    "format" : "text",
    "state" : "NEW",
    "timestamp" : null,
    "created" : 1639574593507,
    "updated" : 1639574593507
  }, {
    "name" : "1938_Mineralogisch-petrographische_161-162.txt",
    "format" : "text",
    "state" : "NEW",
    "timestamp" : null,
    "created" : 1639574593603,
    "updated" : 1639574593603
  }, {
    "name" : "1938_Museum_160-161.txt",
    "format" : "text",
    "state" : "NEW",
    "timestamp" : null,
    "created" : 1639574593782,
    "updated" : 1639574593782
  }, {
    "name" : "1938_Zoologische_163-168.txt",
    "format" : "text",
    "state" : "NEW",
    "timestamp" : null,
    "created" : 1639574593901,
    "updated" : 1639574593901
  } ],
  "annotation_documents" : [ {
    "name" : "1887_Museum_67-67.txt",
    "user" : "admin",
    "state" : "IN_PROGRESS",
    "timestamp" : 1639587384440,
    "annotatorState" : "IN_PROGRESS",
    "sentence_accessed" : 0,
    "created" : 1639578651218,
    "updated" : 1639587384440
  } ],
  "project_permissions" : [ {
    "level" : "ADMIN",
    "user" : "admin"
  }, {
    "level" : "CURATOR",
    "user" : "admin"
  }, {
    "level" : "USER",
    "user" : "admin"
  } ],
  "tag_sets" : [ {
    "name" : "Coreference mentions",
    "description" : "coreference type annotation",
    "language" : "de",
    "tags" : [ {
      "tag_name" : "nam",
      "tag_description" : "nam"
    } ],
    "create_tag" : false
  }, {
    "name" : "Coreference relations",
    "description" : "coreference relation annotation",
    "language" : "de",
    "tags" : [ {
      "tag_name" : "anaphoric",
      "tag_description" : "anaphoric"
    } ],
    "create_tag" : false
  }, {
    "name" : "Dependency flavors",
    "description" : "Dependency flavors",
    "language" : "mul",
    "tags" : [ {
      "tag_name" : "basic",
      "tag_description" : "basic"
    }, {
      "tag_name" : "enhanced",
      "tag_description" : "enhanced"
    } ],
    "create_tag" : true
  }, {
    "name" : "Named Entity tags",
    "description" : "Named Entity annotation",
    "language" : "de",
    "tags" : [ {
      "tag_name" : "LOC",
      "tag_description" : "Location"
    }, {
      "tag_name" : "LOCderiv",
      "tag_description" : "Location derivative"
    }, {
      "tag_name" : "LOCpart",
      "tag_description" : "Hyphenated part is location"
    }, {
      "tag_name" : "ORG",
      "tag_description" : "Organization"
    }, {
      "tag_name" : "ORGderiv",
      "tag_description" : "Organization derivative"
    }, {
      "tag_name" : "ORGpart",
      "tag_description" : "Hyphenated part is organization"
    }, {
      "tag_name" : "OTH",
      "tag_description" : "Other: Every name that is not a location, person or organisation"
    }, {
      "tag_name" : "OTHderiv",
      "tag_description" : "Other derivative"
    }, {
      "tag_name" : "OTHpart",
      "tag_description" : "Hyphenated part is Other"
    }, {
      "tag_name" : "PER",
      "tag_description" : "Person"
    }, {
      "tag_name" : "PERderiv",
      "tag_description" : "Person derivative"
    }, {
      "tag_name" : "PERpart",
      "tag_description" : "Hyphenated part is person"
    } ],
    "create_tag" : false
  }, {
    "name" : "Operation",
    "description" : "operation to be done with specified in tokenIDs token/tokens in order to correct",
    "language" : "en",
    "tags" : [ {
      "tag_name" : "delete",
      "tag_description" : "delete"
    }, {
      "tag_name" : "insert_after",
      "tag_description" : "insert after"
    }, {
      "tag_name" : "insert_before",
      "tag_description" : "insert before"
    }, {
      "tag_name" : "replace",
      "tag_description" : "replace"
    } ],
    "create_tag" : true
  }, {
    "name" : "Relation labels",
    "description" : "Relation labels",
    "language" : "en",
    "tags" : [ ],
    "create_tag" : true
  }, {
    "name" : "Span labels",
    "description" : "Span labels",
    "language" : "en",
    "tags" : [ ],
    "create_tag" : true
  }, {
    "name" : "UD Universal Dependencies (v2)",
    "description" : "The idea of universal dependencies is to propose a set of universal grammatical relations which can be used with relative fidelity to capture any dependency relation between words in any language. Each dependency relation should be typed with one of the relations in the table below.\r\n\r\nThe following table lists the 37 universal syntactic relations used in UD v2. It is a revised version of the relations originally described in Universal Stanford Dependencies: A cross-linguistic typology (de Marneffe et al. 2014).\r\n\r\n© 2014-2017 Universal Dependencies contributors.\r\n\r\nSee also: https://universaldependencies.org/u/dep/index.html",
    "language" : "mul",
    "tags" : [ {
      "tag_name" : "acl",
      "tag_description" : "clausal modifier of noun (adjectival clause)"
    }, {
      "tag_name" : "advcl",
      "tag_description" : "adverbial clause modifier"
    }, {
      "tag_name" : "advmod",
      "tag_description" : "adverbial modifier"
    }, {
      "tag_name" : "amod",
      "tag_description" : "adjectival modifier"
    }, {
      "tag_name" : "appos",
      "tag_description" : "appositional modifier"
    }, {
      "tag_name" : "aux",
      "tag_description" : "auxiliary"
    }, {
      "tag_name" : "case",
      "tag_description" : "case marking"
    }, {
      "tag_name" : "cc",
      "tag_description" : "coordinating conjunction"
    }, {
      "tag_name" : "ccomp",
      "tag_description" : "clausal complement"
    }, {
      "tag_name" : "clf",
      "tag_description" : "classifier"
    }, {
      "tag_name" : "compound",
      "tag_description" : "compound"
    }, {
      "tag_name" : "conj",
      "tag_description" : "conjunct"
    }, {
      "tag_name" : "cop",
      "tag_description" : "copula"
    }, {
      "tag_name" : "csubj",
      "tag_description" : "clausal subject"
    }, {
      "tag_name" : "dep",
      "tag_description" : "unspecified dependency"
    }, {
      "tag_name" : "det",
      "tag_description" : "determiner"
    }, {
      "tag_name" : "discourse",
      "tag_description" : "discourse element"
    }, {
      "tag_name" : "dislocated",
      "tag_description" : "dislocated elements"
    }, {
      "tag_name" : "expl",
      "tag_description" : "expletive"
    }, {
      "tag_name" : "fixed",
      "tag_description" : "fixed multiword expression"
    }, {
      "tag_name" : "flat",
      "tag_description" : "flat multiword expression"
    }, {
      "tag_name" : "goeswith",
      "tag_description" : "goes with"
    }, {
      "tag_name" : "iobj",
      "tag_description" : "indirect object"
    }, {
      "tag_name" : "list",
      "tag_description" : "list"
    }, {
      "tag_name" : "mark",
      "tag_description" : "marker"
    }, {
      "tag_name" : "nmod",
      "tag_description" : "nominal modifier"
    }, {
      "tag_name" : "nsubj",
      "tag_description" : "nominal subject"
    }, {
      "tag_name" : "nummod",
      "tag_description" : "numeric modifier"
    }, {
      "tag_name" : "obj",
      "tag_description" : "object"
    }, {
      "tag_name" : "obl",
      "tag_description" : "oblique nominal"
    }, {
      "tag_name" : "orphan",
      "tag_description" : "orphan"
    }, {
      "tag_name" : "parataxis",
      "tag_description" : "parataxis"
    }, {
      "tag_name" : "punct",
      "tag_description" : "punctuation"
    }, {
      "tag_name" : "reparandum",
      "tag_description" : "overridden disfluency"
    }, {
      "tag_name" : "root",
      "tag_description" : "root"
    }, {
      "tag_name" : "vocative",
      "tag_description" : "vocative"
    }, {
      "tag_name" : "xcomp",
      "tag_description" : "open clausal complement"
    } ],
    "create_tag" : false
  }, {
    "name" : "UD Universal POS tags (v2)",
    "description" : "These tags mark the core part-of-speech categories from the Universal Dependencies project. To distinguish additional lexical and grammatical properties of words, use the universal features.\r\n\r\n© 2017 Universal Dependencies contributors\r\n\r\nSee: https://universaldependencies.org/u/pos/index.html",
    "language" : "mul",
    "tags" : [ {
      "tag_name" : "ADJ",
      "tag_description" : "adjective"
    }, {
      "tag_name" : "ADP",
      "tag_description" : "adposition"
    }, {
      "tag_name" : "ADV",
      "tag_description" : "adverb"
    }, {
      "tag_name" : "AUX",
      "tag_description" : "auxiliary"
    }, {
      "tag_name" : "CCONJ",
      "tag_description" : "coordinating conjunction"
    }, {
      "tag_name" : "DET",
      "tag_description" : "determiner"
    }, {
      "tag_name" : "INTJ",
      "tag_description" : "interjection"
    }, {
      "tag_name" : "NOUN",
      "tag_description" : "noun"
    }, {
      "tag_name" : "NUM",
      "tag_description" : "numeral"
    }, {
      "tag_name" : "PART",
      "tag_description" : "particle"
    }, {
      "tag_name" : "PRON",
      "tag_description" : "pronoun"
    }, {
      "tag_name" : "PROPN",
      "tag_description" : "proper noun"
    }, {
      "tag_name" : "PUNCT",
      "tag_description" : "punctuation"
    }, {
      "tag_name" : "SCONJ",
      "tag_description" : "subordinating conjunction"
    }, {
      "tag_name" : "SYM",
      "tag_description" : "symbol"
    }, {
      "tag_name" : "VERB",
      "tag_description" : "verb"
    }, {
      "tag_name" : "X",
      "tag_description" : "other"
    } ],
    "create_tag" : false
  } ],
  "layers" : [ {
    "name" : "webanno.custom.OCRCorrection",
    "features" : [ {
      "name" : "CorrectedString",
      "tag_set" : null,
      "uiName" : "Corrected String",
      "type" : "uima.cas.String",
      "enabled" : true,
      "visible" : true,
      "include_in_hover" : false,
      "required" : false,
      "remember" : false,
      "hideUnconstraintFeature" : false,
      "description" : "Eine Zeichenkette die die Auswahl ersetzen soll",
      "project_name" : "naturkundemuseum-annotation",
      "multi_value_mode" : "NONE",
      "link_mode" : "NONE",
      "link_type_name" : null,
      "link_type_role_feature_name" : null,
      "link_type_target_feature_name" : null,
      "traits" : "{\"multipleRows\":true,\"dynamicSize\":false,\"collapsedRows\":1,\"expandedRows\":1,\"editorType\":\"AUTO\",\"keyBindings\":[]}",
      "curatable" : true
    }, {
      "name" : "Deletion",
      "tag_set" : null,
      "uiName" : "Deletion",
      "type" : "uima.cas.Boolean",
      "enabled" : true,
      "visible" : true,
      "include_in_hover" : false,
      "required" : false,
      "remember" : false,
      "hideUnconstraintFeature" : false,
      "description" : "Kann die Auswahl gelöscht werden",
      "project_name" : "naturkundemuseum-annotation",
      "multi_value_mode" : "NONE",
      "link_mode" : "NONE",
      "link_type_name" : null,
      "link_type_role_feature_name" : null,
      "link_type_target_feature_name" : null,
      "traits" : null,
      "curatable" : true
    } ],
    "uiName" : "OCR Correction",
    "type" : "span",
    "description" : "OCR-Fehler-Korrektur in einem Kommentarfeld",
    "enabled" : true,
    "built_in" : false,
    "readonly" : false,
    "attach_type" : null,
    "attach_feature" : null,
    "allow_stacking" : true,
    "cross_sentence" : true,
    "show_hover" : true,
    "anchoring_mode" : "CHARACTERS",
    "overlap_mode" : "ANY_OVERLAP",
    "validation_mode" : "ALWAYS",
    "lock_to_token_offset" : false,
    "multiple_tokens" : false,
    "project_name" : "naturkundemuseum-annotation",
    "linked_list_behavior" : false,
    "on_click_javascript_action" : null,
    "traits" : "{\"coloringRules\":{\"rules\":[]}}"
  }, {
    "name" : "webanno.custom.SemanticEntities",
    "features" : [ {
      "name" : "Postprocessing",
      "tag_set" : null,
      "uiName" : "Postprocessing",
      "type" : "uima.cas.String",
      "enabled" : true,
      "visible" : false,
      "include_in_hover" : false,
      "required" : false,
      "remember" : false,
      "hideUnconstraintFeature" : false,
      "description" : "Anreicherung von weiteren CIDOC CRM Verbindungen in Form von: property1:class1:String1|property2:class2:String2",
      "project_name" : "naturkundemuseum-annotation",
      "multi_value_mode" : "NONE",
      "link_mode" : "NONE",
      "link_type_name" : null,
      "link_type_role_feature_name" : null,
      "link_type_target_feature_name" : null,
      "traits" : "{\"multipleRows\":true,\"dynamicSize\":false,\"collapsedRows\":4,\"expandedRows\":4,\"editorType\":\"AUTO\",\"keyBindings\":[]}",
      "curatable" : true
    }, {
      "name" : "SemanticClass",
      "tag_set" : null,
      "uiName" : "Semantic Class",
      "type" : "uima.cas.String",
      "enabled" : true,
      "visible" : true,
      "include_in_hover" : false,
      "required" : false,
      "remember" : false,
      "hideUnconstraintFeature" : false,
      "description" : "Klasse nach CIDOC CRM",
      "project_name" : "naturkundemuseum-annotation",
      "multi_value_mode" : "NONE",
      "link_mode" : "NONE",
      "link_type_name" : null,
      "link_type_role_feature_name" : null,
      "link_type_target_feature_name" : null,
      "traits" : "{\"multipleRows\":false,\"dynamicSize\":false,\"collapsedRows\":1,\"expandedRows\":1,\"editorType\":\"AUTO\",\"keyBindings\":[]}",
      "curatable" : true
    } ],
    "uiName" : "Semantic Entities",
    "type" : "span",
    "description" : "Semantische Entitäten nach CIDOC CRM",
    "enabled" : true,
    "built_in" : false,
    "readonly" : false,
    "attach_type" : null,
    "attach_feature" : null,
    "allow_stacking" : true,
    "cross_sentence" : true,
    "show_hover" : true,
    "anchoring_mode" : "CHARACTERS",
    "overlap_mode" : "ANY_OVERLAP",
    "validation_mode" : "ALWAYS",
    "lock_to_token_offset" : false,
    "multiple_tokens" : false,
    "project_name" : "naturkundemuseum-annotation",
    "linked_list_behavior" : false,
    "on_click_javascript_action" : null,
    "traits" : "{\"coloringRules\":{\"rules\":[]}}"
  }, {
    "name" : "webanno.custom.SemanticRelations",
    "features" : [ {
      "name" : "SemanticProperty",
      "tag_set" : null,
      "uiName" : "Semantic Property",
      "type" : "uima.cas.String",
      "enabled" : true,
      "visible" : true,
      "include_in_hover" : false,
      "required" : false,
      "remember" : false,
      "hideUnconstraintFeature" : false,
      "description" : "Property Class nach CIDOC CRM",
      "project_name" : "naturkundemuseum-annotation",
      "multi_value_mode" : "NONE",
      "link_mode" : "NONE",
      "link_type_name" : null,
      "link_type_role_feature_name" : null,
      "link_type_target_feature_name" : null,
      "traits" : "{\"multipleRows\":false,\"dynamicSize\":false,\"collapsedRows\":1,\"expandedRows\":1,\"editorType\":\"AUTO\",\"keyBindings\":[]}",
      "curatable" : true
    } ],
    "uiName" : "Semantic Relations",
    "type" : "relation",
    "description" : "Verbindung zwischen zwei semantischen Entitäten",
    "enabled" : true,
    "built_in" : false,
    "readonly" : false,
    "attach_type" : {
      "name" : "webanno.custom.SemanticEntities"
    },
    "attach_feature" : null,
    "allow_stacking" : true,
    "cross_sentence" : true,
    "show_hover" : true,
    "anchoring_mode" : "TOKENS",
    "overlap_mode" : "ANY_OVERLAP",
    "validation_mode" : "ALWAYS",
    "lock_to_token_offset" : false,
    "multiple_tokens" : true,
    "project_name" : "naturkundemuseum-annotation",
    "linked_list_behavior" : false,
    "on_click_javascript_action" : null,
    "traits" : "{\"coloringRules\":{\"rules\":[]},\"renderArcs\":true}"
  }, {
    "name" : "de.tudarmstadt.ukp.dkpro.core.api.segmentation.type.Sentence",
    "features" : [ ],
    "uiName" : "Sentence",
    "type" : "span",
    "description" : null,
    "enabled" : true,
    "built_in" : true,
    "readonly" : true,
    "attach_type" : null,
    "attach_feature" : null,
    "allow_stacking" : false,
    "cross_sentence" : true,
    "show_hover" : true,
    "anchoring_mode" : "TOKENS",
    "overlap_mode" : "NO_OVERLAP",
    "validation_mode" : "NEVER",
    "lock_to_token_offset" : false,
    "multiple_tokens" : true,
    "project_name" : "naturkundemuseum-annotation",
    "linked_list_behavior" : false,
    "on_click_javascript_action" : null,
    "traits" : null
  }, {
    "name" : "de.tudarmstadt.ukp.dkpro.core.api.segmentation.type.Token",
    "features" : [ ],
    "uiName" : "Token",
    "type" : "span",
    "description" : null,
    "enabled" : true,
    "built_in" : true,
    "readonly" : true,
    "attach_type" : null,
    "attach_feature" : null,
    "allow_stacking" : false,
    "cross_sentence" : false,
    "show_hover" : true,
    "anchoring_mode" : "CHARACTERS",
    "overlap_mode" : "NO_OVERLAP",
    "validation_mode" : "NEVER",
    "lock_to_token_offset" : false,
    "multiple_tokens" : false,
    "project_name" : "naturkundemuseum-annotation",
    "linked_list_behavior" : false,
    "on_click_javascript_action" : null,
    "traits" : null
  } ],
  "disableExport" : false,
  "script_direction" : "LTR",
  "created" : 1639574491497,
  "updated" : 1639578655681,
  "anonymous_curation" : false,
  "default-preferences" : [ ],
  "knowledge_bases" : [ ],
  "external_search" : [ ],
  "project_users" : [ ],
  "recommenders" : [ {
    "alwaysSelected" : false,
    "enabled" : true,
    "feature" : "SemanticClass",
    "layerName" : "webanno.custom.SemanticEntities",
    "maxRecommendations" : 3,
    "name" : "[Semantic Entities@Semantic Class] String Matcher",
    "skipEvaluation" : false,
    "statesIgnoredForTraining" : [ ],
    "threshold" : 0.0,
    "tool" : "de.tudarmstadt.ukp.inception.recommendation.imls.stringmatch.StringMatchingRecommender",
    "traits" : "{\"ignoreCase\":false}"
  } ],
  "gazeteers" : [ ]
}